{
    "defaultSeverity": "error",
    "extends": ["tslint-customization", "tslint:latest", "tslint-react", "tslint-config-prettier"],
    "jsRules": {
        "max-line-length": {
            "options": [120]
        },
        "object-literal-sort-keys": false,
        "no-console": false
    },
    "rules": {
        "react-hooks-nesting": "error",
        "arrow-parens": false,
        "arrow-return-shorthand": [false],
        "comment-format": [true, "check-space"],
        "import-blacklist": [true, "rxjs"],
        "interface-over-type-literal": false,
        "interface-name": false,
        "max-line-length": false,
        "member-access": false,
        "member-ordering": [true, { "order": "fields-first" }],
        "newline-before-return": false,
        "no-empty": false,
        "no-any": false,
        "no-empty-interface": false,
        "no-import-side-effect": false,
        "no-namespace": false,
        "no-console": false,
        "no-inferrable-types": [true, "ignore-params", "ignore-properties"],
        "no-invalid-this": [true, "check-function-in-method"],
        "no-null-keyword": false,
        "no-require-imports": false,
        "no-submodule-imports": false,
        "no-this-assignment": [true, { "allow-destructuring": true }],
        "no-trailing-whitespace": false,
        "object-literal-sort-keys": false,
        "object-literal-shorthand": false,
        "one-variable-per-declaration": false,
        "only-arrow-functions": [true, "allow-declarations"],
        "ordered-imports": false,
        "prefer-method-signature": false,
        "prefer-template": [false, "allow-single-concat"],
        "quotemark": [true, "single", "jsx-double"],
        "semicolon": [true, "never"],
        "trailing-comma": [false],
        "triple-equals": [true, "allow-null-check"],
        "type-literal-delimiter": false,
        "typedef": [true, "property-declaration"],
        "variable-name": [false, "ban-keywords", "check-format", "allow-pascal-case", "allow-leading-underscore"],
        "max-classes-per-file": false,
        // tslint-react
        "jsx-no-lambda": false,
        "jsx-no-multiline-js": false,
        "jsx-curly-spacing": [true, { "when": "never", "allowMultiline": false }],
        "jsx-boolean-value": false,
        "no-duplicate-imports": true,
        "import-spacing": true,
        "no-object-literal-type-assertion": false,
        "no-unused-expression": false,
        "space-before-function-paren": [true, { "anonymous": "always", "named": "never", "asyncArrow": "always" }],
        "no-implicit-dependencies": false,
        "prefer-object-spread": false
    },
    "linterOptions": {
        "exclude": ["node_modules", "**/*.spec.ts", "src/typings/*.ts"]
    }
}
